﻿<?xml version="1.0" encoding="utf-8" ?>
<hibernate-configuration xmlns="urn:nhibernate-configuration-2.2">

  <session-factory>
		<property name="connection.connection_string">Data Source=VM64DEVDB9008;Database=workflow_deepa;Integrated Security=SSPI;</property>
		<property name="dialect">NHibernate.Dialect.MsSql2008Dialect</property>
    <property name="connection.provider">NHibernate.Connection.DriverConnectionProvider</property>
    <property name="connection.driver_class">NHibernate.Driver.SqlClientDriver</property>
    <property name="show_sql">false</property>
    <property name="connection.release_mode">auto</property>
    <property name="adonet.batch_size">500</property>
    <property name="proxyfactory.factory_class">NHibernate.ByteCode.Castle.ProxyFactoryFactory, NHibernate.ByteCode.Castle</property>
  </session-factory>

</hibernate-configuration>
