<?xml version="1.0"?>
<doc>
    <assembly>
        <name>TrueAutomation.ServiceBus.WCF</name>
    </assembly>
    <members>
        <member name="T:TrueAutomation.ServiceBus.WCF.ServiceBus">
            <summary>
            This service is for communicating to the Enterprise Service Bus to manage Queues and Notices to 
            the service bus.
            </summary>
        </member>
        <member name="T:TrueAutomation.ServiceBus.WCF.IServiceBus">
            <summary>
            This service is for communicating to the Enterprise Service Bus to manage Queues and Notices to 
            the service bus.
            </summary> 
        </member>
        <member name="M:TrueAutomation.ServiceBus.WCF.IServiceBus.PublishMessage(TrueAutomation.WorkflowService.Messages.IWorkflowMessage)">
            <summary>
            Method to publish a message to all living clients as well as anyone who is explicity subscribed to the 
            message
            </summary>
            <param name="message">The Message to Send</param>
        </member>
        <member name="M:TrueAutomation.ServiceBus.WCF.IServiceBus.AbsoluteURI">
            <summary>
            Obtains the absolute URI to connect to the service bus.
            </summary>
            <returns>a string pointing to the location of the service bus.</returns>
        </member>
        <member name="M:TrueAutomation.ServiceBus.WCF.IServiceBus.UpdateClientByUserId(System.String,System.Int32,System.Int32)">
            <summary>
            Method to inform the service that the client is still active.
            </summary>
            <param name="EndPoint">the endpoint of the active client</param>
            <param name="userId">the userid of the active client</param>
            <param name="QueueId">the queueid of the active client</param>
            <returns></returns>
        </member>
        <member name="M:TrueAutomation.ServiceBus.WCF.IServiceBus.UpdateClient(System.String,System.Guid,System.Boolean)">
            <summary>
            Method to inform the service that the client is still alive
            </summary>
            <param name="EndPoint">the endpoint to communicate with</param>
            <param name="InstanceSubscriptionKey">a key to notify which client</param>
            <param name="isAlive">flag stating whether the endpoint is running or about to shut down.</param>
            <returns></returns>
        </member>
        <member name="M:TrueAutomation.ServiceBus.WCF.IServiceBus.RegisterClient(System.String,System.Guid)">
            <summary>
            Method to register a client to the service
            </summary>
            <param name="EndPoint"></param>
            <param name="InstanceSubscriptionKey"></param>
            <returns></returns>
        </member>
        <member name="M:TrueAutomation.ServiceBus.WCF.IServiceBus.GetNextPortForClient(System.String)">
            <summary>
            finds an unused port for the current client in case they are logged in multiple times.
            </summary>
            <param name="serverName"></param>
            <returns></returns>
        </member>
        <member name="M:TrueAutomation.ServiceBus.WCF.IServiceBus.RequestMessages(System.String,System.Int32[])">
            <summary>
            Method to send specific Messages to the client
            </summary>
            <param name="endpoint">the location of the client queue</param>
            <param name="messageIds">list of sequence numbers for messages to send</param>
        </member>
        <member name="M:TrueAutomation.ServiceBus.WCF.IServiceBus.CheckServiceAvailable">
            <summary>
            Check if the service is available
            </summary>
            <returns></returns>
        </member>
        <member name="M:TrueAutomation.ServiceBus.WCF.ServiceBus.PublishMessage(TrueAutomation.WorkflowService.Messages.IWorkflowMessage)">
            <summary>
            Method to publish a message to all living clients as well as anyone who is explicity subscribed to the 
            message
            </summary>
            <param name="message">The Message to Send</param>
        </member>
        <member name="M:TrueAutomation.ServiceBus.WCF.ServiceBus.AbsoluteURI">
            <summary>
            Obtains the absolute URI to connect to the service bus.
            </summary>
            <returns>a string pointing to the location of the service bus.</returns>
        </member>
        <member name="M:TrueAutomation.ServiceBus.WCF.ServiceBus.UpdateClientByUserId(System.String,System.Int32,System.Int32)">
            <summary>
            Method to inform the service that the client is still active.
            </summary>
            <param name="EndPoint">the endpoint of the active client</param>
            <param name="userId">the userid of the active client</param>
            <param name="QueueId">the queueid of the active client</param>
            <returns></returns>
        </member>
        <member name="M:TrueAutomation.ServiceBus.WCF.ServiceBus.RequestMessages(System.String,System.Int32[])">
            <summary>
            Method to send specific Messages to the client
            </summary>
            <param name="endpoint">the location of the client queue</param>
            <param name="messageIds">list of sequence numbers for messages to send</param>
        </member>
        <member name="M:TrueAutomation.ServiceBus.WCF.ServiceBus.UpdateClient(System.String,System.Guid,System.Boolean)">
            <summary>
            Method to inform the service that the client is still alive
            </summary>
            <param name="EndPoint">the endpoint to communicate with</param>
            <param name="InstanceSubscriptionKey">a key to notify which client</param>
            <param name="isAlive">flag stating whether the endpoint is running or about to shut down.</param>
            <returns></returns>
        </member>
        <member name="M:TrueAutomation.ServiceBus.WCF.ServiceBus.RegisterClient(System.String,System.Guid)">
            <summary>
            Method to register a client to the service
            </summary>
            <param name="EndPoint"></param>
            <param name="InstanceSubscriptionKey"></param>
            <returns></returns>
        </member>
        <member name="M:TrueAutomation.ServiceBus.WCF.ServiceBus.RemoveDeadClients(System.Collections.Generic.List{TrueAutomation.ServiceBus.Domain.RegisteredClient})">
            <summary>
            method to remove any client who has not notified that they are alive in the past 10 minutes.
            </summary>
            <param name="clients"></param>
        </member>
        <member name="M:TrueAutomation.ServiceBus.WCF.ServiceBus.GetNextPortForClient(System.String)">
            <summary>
            finds an unused port for the current client in case they are logged in multiple times.
            </summary>
            <param name="serverName"></param>
            <returns></returns>
        </member>
        <member name="M:TrueAutomation.ServiceBus.WCF.ServiceBus.GetAllClients">
            <summary>
            Helper Method to return the list of clients that are not dead.
            </summary>
            <returns></returns>
        </member>
        <member name="M:TrueAutomation.ServiceBus.WCF.ServiceBus.GetClientById(System.Int32)">
            <summary>
            Helper Method to return a client based on the identifier
            </summary>
            <returns></returns>
        </member>
        <member name="M:TrueAutomation.ServiceBus.WCF.ServiceBus.GetLivingClientsFor(System.Object)">
            <summary>
            Returns all of the clients that are necessary
            <remarks>Considered using this as a way of limiting the clients that receive a message, but 
            decided against it.  It would not be possible to do because of the case where a task is
            removed from a client.  The message doesn't know that the client already had it.  Best
            to just send them everything.</remarks>
            </summary>
            <param name="msg"></param>
            <returns></returns>
        </member>
        <member name="M:TrueAutomation.ServiceBus.WCF.ServiceBus.CreateRegisteredClient(System.String,System.Guid)">
            <summary>
             Helper method to create a registered client domain object 
             from a registered client DTO object and persist it in the db.
            </summary>
            <param name="endpoint"></param>
            <returns>The registered client that has been created</returns>
        </member>
        <member name="T:TrueAutomation.ServiceBus.WCF.Windsor.ServiceBusHost">
            <summary>
            Implements a esb service host that supports integration
            with the Castle WCF facility.
            </summary>
        </member>
        <member name="F:TrueAutomation.ServiceBus.WCF.Windsor.ServiceBusHost.messageBusContainer">
            <summary>
            The message bus container associated with this service host.
            </summary>
        </member>
        <member name="F:TrueAutomation.ServiceBus.WCF.Windsor.ServiceBusHost.logger">
            <summary>
            The logger instance associated with this service host.
            </summary>
        </member>
        <member name="M:TrueAutomation.ServiceBus.WCF.Windsor.ServiceBusHost.#ctor(Castle.Core.ComponentModel,System.Uri[])">
            <summary>
            Class constructor -- initializes an instance of the class.
            </summary>
            <param name="model">The Castle component model associated
            with this class.</param>
            <param name="baseAddresses">The set of base addresses for
            the endpoints exposed by this service.</param>
        </member>
        <member name="M:TrueAutomation.ServiceBus.WCF.Windsor.ServiceBusHost.#ctor(System.Type,System.Uri[])">
            <summary>
            Class constructor -- initializes an instance of the class.
            </summary>
            <param name="serviceType">The contract type exposed by
            the service.</param>
            <param name="baseAddresses">The set of base addresses for
            the endpoints exposed by this service.</param>
        </member>
        <member name="M:TrueAutomation.ServiceBus.WCF.Windsor.ServiceBusHost.Initialize">
            <summary>
            Implementation method to initialize the class.
            </summary>
        </member>
        <member name="M:TrueAutomation.ServiceBus.WCF.Windsor.ServiceBusHost.InitializeLogger">
            <summary>
            Implementation method to initialize the logger for this class.
            </summary>
        </member>
        <member name="M:TrueAutomation.ServiceBus.WCF.Windsor.ServiceBusHost.WorkflowServiceHost_Opening(System.Object,System.EventArgs)">
            <summary>
            Event handler called when the service host is transitioning
            to the opened state. We implement this event handler in order to
            initialize the associated service bus handlers.
            </summary>
            <param name="sender">The source of the event.</param>
            <param name="e">Any arguments associates with this event.
            The arguments are ignored by this implementation.</param>
        </member>
        <member name="M:TrueAutomation.ServiceBus.WCF.Windsor.ServiceBusHost.WorkflowServiceHost_Closing(System.Object,System.EventArgs)">
            <summary>
            Event handler called when the service host is transitioning
            to the closed state. We implement this event handler in order to
            terminate the associated service bus handlers.
            </summary>
            <param name="sender">The source of the event.</param>
            <param name="e">Any arguments associates with this event.
            The arguments are ignored by this implementation.</param>
        </member>
        <member name="P:TrueAutomation.ServiceBus.WCF.Windsor.ServiceBusHost.Logger">
            <summary>
            The logger associated with this service host instance.
            </summary>
        </member>
        <member name="M:TrueAutomation.ServiceBus.WCF.Windsor.ServiceBusHostBuilder.#ctor(Castle.MicroKernel.IKernel)">
            <summary>
            Class constructor -- initializes an instance of the class.
            </summary>
            <param name="kernel">The Castle kernel to use for service location.
            </param>
        </member>
        <member name="M:TrueAutomation.ServiceBus.WCF.Windsor.ServiceBusHostBuilder.CreateServiceHost(Castle.Core.ComponentModel,TrueAutomation.ServiceBus.WCF.Windsor.ServiceBusModel,System.Uri[])">
            <summary>
            Creates a new workflow service host.
            </summary>
            <param name="model">The component model to use for creation
            of the new service host.</param>
            <param name="serviceModel">The service model associated with
            the new service host.</param>
            <param name="baseAddresses">The set of base address URIs to
            associate with the new service host.</param>
            <returns>A new workflow service host.</returns>
        </member>
        <member name="M:TrueAutomation.ServiceBus.WCF.Windsor.ServiceBusHostBuilder.CreateServiceHost(Castle.Core.ComponentModel,System.Uri[])">
            <summary>
            Creates a new workflow service host.
            </summary>
            <param name="model">The component model to use for creation
            of the new service host.</param>
            <param name="baseAddresses">The set of base address URIs to
            associate with the new service host.</param>
            <returns>A new workflow service host.</returns>
        </member>
        <member name="M:TrueAutomation.ServiceBus.WCF.Windsor.ServiceBusHostBuilder.CreateServiceHost(System.Type,System.Uri[])">
            <summary>
            Creates a new workflow service host.
            </summary>
            <param name="model">The service contract type of the new
            service host.</param>
            <param name="baseAddresses">The set of base address URIs to
            associate with the new service host.</param>
            <returns>A new workflow service host.</returns>
        </member>
        <member name="T:TrueAutomation.ServiceBus.WCF.Windsor.ServiceBusModel">
            <summary>
            A Castle-style service model class compatible with the WCF
            integration facility. This class is basically a do-nothing class
            that exists purely as a means to get the right service builder
            type associated with our workflow service host.
            </summary>
        </member>
        <member name="M:TrueAutomation.ServiceBus.WCF.Windsor.ServiceBusModel.#ctor">
            <summary>
            Class constructor -- initializes an instance of the class.
            </summary>
        </member>
        <member name="M:TrueAutomation.ServiceBus.WCF.Windsor.ServiceBusModel.#ctor(Castle.Facilities.WcfIntegration.IWcfEndpoint)">
            <summary>
            Class constructor -- initializes an instance of the class.
            </summary>
            <param name="endpoint">A default endpoint associated with this
            service model.</param>
        </member>
        <member name="M:TrueAutomation.ServiceBus.WCF.Windsor.Installer.Install(Castle.Windsor.IWindsorContainer,Castle.MicroKernel.SubSystems.Configuration.IConfigurationStore)">
            <summary>
            Registers all our service-related types with the
            supplied Windsor IoC container.
            </summary>
            <param name="container">The container into which to register
            the service types.</param>
            <param name="store">Configuration store parameter -- unused in
            this implementation.</param>
        </member>
    </members>
</doc>
