<?xml version="1.0"?>
<doc>
    <assembly>
        <name>TrueAutomation.DocumentManagement.DAL.NHibernate</name>
    </assembly>
    <members>
        <member name="T:TrueAutomation.DocumentManagement.DAL.NHibernate.Mappings.AutoPersistenceModelGenerator">
            <summary>
            Generates a Fluent NHibernate auto-persistence model
            to specify the auto-mapping persistence behavior for
            the task service domain.
            </summary>
        </member>
        <member name="M:TrueAutomation.DocumentManagement.DAL.NHibernate.Mappings.AutoPersistenceModelGenerator.GenerateAutoPersistenceModel">
            <summary>
            Class to generate a Fluent NHibernate auto-persistence model
            to specify the auto-mapping persistence behavior for
            the Document Management Service domain.
            </summary>
            <returns>An auto-persistence model specifying the a
            set of auto-mapping behaviors and conventions.</returns>
        </member>
        <member name="M:TrueAutomation.DocumentManagement.DAL.NHibernate.Mappings.AutoPersistenceModelGenerator.GetConventions">
            <summary>
            Returns the set of custom conventions defined in the
            TrueAutomation.DocumentManagement.DAL.NHibernate.Mappings.Conventions
            namespace.
            </summary>
            <returns>The set of custom mappings specified by this
            assembly.</returns>
        </member>
        <member name="T:TrueAutomation.DocumentManagement.DAL.NHibernate.Mappings.Conventions.HasManyConvention">
            <summary>
            A Fluent NHibernate convention for specifying the behavior
            of foreign key values in a one-to-many collection.
            </summary>
        </member>
        <member name="M:TrueAutomation.DocumentManagement.DAL.NHibernate.Mappings.Conventions.HasManyConvention.Apply(FluentNHibernate.Conventions.Instances.IOneToManyCollectionInstance)">
            <summary>
            Applies the foreign key convention to the specified one-to-many
            collection instance. This convention specifies a column name of
            the lowercase version of the foreign entity's name with an "_id"
            suffix appended to it.
            </summary>
            <param name="instance">The one-to-many collection instance for
            which to specify the corresponding behavior.</param>
        </member>
        <member name="T:TrueAutomation.DocumentManagement.DAL.NHibernate.Mappings.Conventions.PrimaryKeyConvention">
            <summary>
            A Fluent NHibernate convention for specifying the behavior
            of primary key values.
            </summary>
        </member>
        <member name="M:TrueAutomation.DocumentManagement.DAL.NHibernate.Mappings.Conventions.PrimaryKeyConvention.Apply(FluentNHibernate.Conventions.Instances.IIdentityInstance)">
            <summary>
            Applies the primary key convention to the specified identity
            instance. This convention specifies a column name of "id" and
            an ID value of zero for transient objects.
            </summary>
            <param name="instance">The primary key instance for which to
            specify the corresponding behavior.</param>
        </member>
        <member name="T:TrueAutomation.DocumentManagement.DAL.NHibernate.Mappings.Conventions.TableNameConvention">
            <summary>
            A Fluent NHibernate convention for converting class names
            to their RDBMS table name equivalents.
            </summary>
        </member>
        <member name="M:TrueAutomation.DocumentManagement.DAL.NHibernate.Mappings.Conventions.TableNameConvention.Apply(FluentNHibernate.Conventions.Instances.IClassInstance)">
            <summary>
            Applies the table-naming convention to the specified class
            instance. This convention takes the lowercase version of the
            entity's class name and prepends "document_" to it.
            </summary>
            <param name="instance">The class instance for which to
            create the corresponding table name.</param>
        </member>
        <member name="T:TrueAutomation.DocumentManagement.DAL.NHibernate.Mappings.ACLEntryMap">
            <summary>
            Implements a custom auto-mapping override for the
            <see cref="T:TrueAutomation.AccessControl.Domain.ACLEntry"/>
            class.
            </summary>
        </member>
        <member name="M:TrueAutomation.DocumentManagement.DAL.NHibernate.Mappings.ACLEntryMap.Override(FluentNHibernate.Automapping.AutoMapping{TrueAutomation.AccessControl.Domain.ACLEntry})">
            <summary>
            Overrides the supplied auto-mapping configuration.
            </summary>
            <param name="mapping">The auto-mapping configuration to
            override.</param>
        </member>
        <member name="T:TrueAutomation.DocumentManagement.DAL.NHibernate.Mappings.ACLMap">
            <summary>
            Implements a custom auto-mapping override for the
            <see cref="T:TrueAutomation.AccessControl.Domain.ACL"/>
            class.
            </summary>
        </member>
        <member name="M:TrueAutomation.DocumentManagement.DAL.NHibernate.Mappings.ACLMap.Override(FluentNHibernate.Automapping.AutoMapping{TrueAutomation.AccessControl.Domain.ACL})">
            <summary>
            Overrides the supplied auto-mapping configuration.
            </summary>
            <param name="mapping">The auto-mapping configuration to
            override.</param>
        </member>
        <member name="T:TrueAutomation.DocumentManagement.DAL.NHibernate.Mappings.Domain_Objects.Annotations.BaseAnnotationMap">
            <summary>
            Implements a custom auto-mapping override for the
            <see cref="T:TrueAutomation.DocumentManagement.Domain.Annotations.BaseAnnotation"/>
            class.
            </summary>
        </member>
        <member name="M:TrueAutomation.DocumentManagement.DAL.NHibernate.Mappings.Domain_Objects.Annotations.BaseAnnotationMap.Override(FluentNHibernate.Automapping.AutoMapping{TrueAutomation.DocumentManagement.Domain.Annotations.BaseAnnotation})">
            <summary>
            Overrides the supplied auto-mapping configuration.
            </summary>
            <param name="mapping">The auto-mapping configuration to
            override.</param>
        </member>
        <member name="T:TrueAutomation.DocumentManagement.DAL.NHibernate.Mappings.Domain_Objects.Annotations.BoundedAnnotationMap">
            <summary>
            Implements a custom auto-mapping override for the
            <see cref="T:TrueAutomation.DocumentManagement.Domain.Annotations.BoundedAnnotation"/>
            class.
            </summary>
        </member>
        <member name="M:TrueAutomation.DocumentManagement.DAL.NHibernate.Mappings.Domain_Objects.Annotations.BoundedAnnotationMap.Override(FluentNHibernate.Automapping.AutoMapping{TrueAutomation.DocumentManagement.Domain.Annotations.BoundedAnnotation})">
            <summary>
            Overrides the supplied auto-mapping configuration.
            </summary>
            <param name="mapping">The auto-mapping configuration to
            override.</param>
        </member>
        <member name="T:TrueAutomation.DocumentManagement.DAL.NHibernate.Mappings.Domain_Objects.Annotations.BookmarkAnnotationMap">
            <summary>
            Implements a custom auto-mapping override for the
            <see cref="T:TrueAutomation.DocumentManagement.Domain.Annotations.NoteAnnotation"/>
            class.
            </summary>
        </member>
        <member name="M:TrueAutomation.DocumentManagement.DAL.NHibernate.Mappings.Domain_Objects.Annotations.BookmarkAnnotationMap.Override(FluentNHibernate.Automapping.AutoMapping{TrueAutomation.DocumentManagement.Domain.Annotations.BookmarkAnnotation})">
            <summary>
            Overrides the supplied auto-mapping configuration.
            </summary>
            <param name="mapping">The auto-mapping configuration to
            override.</param>
        </member>
        <member name="T:TrueAutomation.DocumentManagement.DAL.NHibernate.Mappings.Domain_Objects.Annotations.EllipseAnnotationMap">
            <summary>
            Implements a custom auto-mapping override for the
            <see cref="T:TrueAutomation.DocumentManagement.Domain.Annotations.EllipseAnnotation"/>
            class.
            </summary>
        </member>
        <member name="M:TrueAutomation.DocumentManagement.DAL.NHibernate.Mappings.Domain_Objects.Annotations.EllipseAnnotationMap.Override(FluentNHibernate.Automapping.AutoMapping{TrueAutomation.DocumentManagement.Domain.Annotations.EllipseAnnotation})">
            <summary>
            Overrides the supplied auto-mapping configuration.
            </summary>
            <param name="mapping">The auto-mapping configuration to
            override.</param>
        </member>
        <member name="T:TrueAutomation.DocumentManagement.DAL.NHibernate.Mappings.Domain_Objects.Annotations.HiliteAnnotationMap">
            <summary>
            Implements a custom auto-mapping override for the
            <see cref="T:TrueAutomation.DocumentManagement.Domain.Annotations.HiliteAnnotation"/>
            class.
            </summary>
        </member>
        <member name="M:TrueAutomation.DocumentManagement.DAL.NHibernate.Mappings.Domain_Objects.Annotations.HiliteAnnotationMap.Override(FluentNHibernate.Automapping.AutoMapping{TrueAutomation.DocumentManagement.Domain.Annotations.HiliteAnnotation})">
            <summary>
            Overrides the supplied auto-mapping configuration.
            </summary>
            <param name="mapping">The auto-mapping configuration to
            override.</param>
        </member>
        <member name="T:TrueAutomation.DocumentManagement.DAL.NHibernate.Mappings.Domain_Objects.Annotations.LineAnnotationMap">
            <summary>
            Implements a custom auto-mapping override for the
            <see cref="T:TrueAutomation.DocumentManagement.Domain.Annotations.LineAnnotation"/>
            class.
            </summary>
        </member>
        <member name="M:TrueAutomation.DocumentManagement.DAL.NHibernate.Mappings.Domain_Objects.Annotations.LineAnnotationMap.Override(FluentNHibernate.Automapping.AutoMapping{TrueAutomation.DocumentManagement.Domain.Annotations.LineAnnotation})">
            <summary>
            Overrides the supplied auto-mapping configuration.
            </summary>
            <param name="mapping">The auto-mapping configuration to
            override.</param>
        </member>
        <member name="T:TrueAutomation.DocumentManagement.DAL.NHibernate.Mappings.Domain_Objects.Annotations.NoteAnnotationMap">
            <summary>
            Implements a custom auto-mapping override for the
            <see cref="T:TrueAutomation.DocumentManagement.Domain.Annotations.NoteAnnotation"/>
            class.
            </summary>
        </member>
        <member name="M:TrueAutomation.DocumentManagement.DAL.NHibernate.Mappings.Domain_Objects.Annotations.NoteAnnotationMap.Override(FluentNHibernate.Automapping.AutoMapping{TrueAutomation.DocumentManagement.Domain.Annotations.NoteAnnotation})">
            <summary>
            Overrides the supplied auto-mapping configuration.
            </summary>
            <param name="mapping">The auto-mapping configuration to
            override.</param>
        </member>
        <member name="T:TrueAutomation.DocumentManagement.DAL.NHibernate.Mappings.Domain_Objects.Annotations.RectangleAnnotationMap">
            <summary>
            Implements a custom auto-mapping override for the
            <see cref="T:TrueAutomation.DocumentManagement.Domain.Annotations.RectangleAnnotation"/>
            class.
            </summary>
        </member>
        <member name="M:TrueAutomation.DocumentManagement.DAL.NHibernate.Mappings.Domain_Objects.Annotations.RectangleAnnotationMap.Override(FluentNHibernate.Automapping.AutoMapping{TrueAutomation.DocumentManagement.Domain.Annotations.RectangleAnnotation})">
            <summary>
            Overrides the supplied auto-mapping configuration.
            </summary>
            <param name="mapping">The auto-mapping configuration to
            override.</param>
        </member>
        <member name="T:TrueAutomation.DocumentManagement.DAL.NHibernate.Mappings.Domain_Objects.Annotations.RedactionAnnotationMap">
            <summary>
            Implements a custom auto-mapping override for the
            <see cref="T:TrueAutomation.DocumentManagement.Domain.Annotations.RedactionAnnotation"/>
            class.
            </summary>
        </member>
        <member name="M:TrueAutomation.DocumentManagement.DAL.NHibernate.Mappings.Domain_Objects.Annotations.RedactionAnnotationMap.Override(FluentNHibernate.Automapping.AutoMapping{TrueAutomation.DocumentManagement.Domain.Annotations.RedactionAnnotation})">
            <summary>
            Overrides the supplied auto-mapping configuration.
            </summary>
            <param name="mapping">The auto-mapping configuration to
            override.</param>
        </member>
        <member name="T:TrueAutomation.DocumentManagement.DAL.NHibernate.Mappings.Domain_Objects.Annotations.RichTextAnnotationMap">
            <summary>
            Implements a custom auto-mapping override for the
            <see cref="T:TrueAutomation.DocumentManagement.Domain.Annotations.RichTextAnnotation"/>
            class.
            </summary>
        </member>
        <member name="M:TrueAutomation.DocumentManagement.DAL.NHibernate.Mappings.Domain_Objects.Annotations.RichTextAnnotationMap.Override(FluentNHibernate.Automapping.AutoMapping{TrueAutomation.DocumentManagement.Domain.Annotations.RichTextAnnotation})">
            <summary>
            Overrides the supplied auto-mapping configuration.
            </summary>
            <param name="mapping">The auto-mapping configuration to
            override.</param>
        </member>
        <member name="T:TrueAutomation.DocumentManagement.DAL.NHibernate.Mappings.Domain_Objects.Annotations.RubberStampAnnotationMap">
            <summary>
            Implements a custom auto-mapping override for the
            <see cref="T:TrueAutomation.DocumentManagement.Domain.Annotations.RubberStampAnnotation"/>
            class.
            </summary>
        </member>
        <member name="M:TrueAutomation.DocumentManagement.DAL.NHibernate.Mappings.Domain_Objects.Annotations.RubberStampAnnotationMap.Override(FluentNHibernate.Automapping.AutoMapping{TrueAutomation.DocumentManagement.Domain.Annotations.RubberStampAnnotation})">
            <summary>
            Overrides the supplied auto-mapping configuration.
            </summary>
            <param name="mapping">The auto-mapping configuration to
            override.</param>
        </member>
        <member name="T:TrueAutomation.DocumentManagement.DAL.NHibernate.Mappings.Domain_Objects.Annotations.StampAnnotationMap">
            <summary>
            Implements a custom auto-mapping override for the
            <see cref="T:TrueAutomation.DocumentManagement.Domain.Annotations.StampAnnotation"/>
            class.
            </summary>
        </member>
        <member name="M:TrueAutomation.DocumentManagement.DAL.NHibernate.Mappings.Domain_Objects.Annotations.StampAnnotationMap.Override(FluentNHibernate.Automapping.AutoMapping{TrueAutomation.DocumentManagement.Domain.Annotations.StampAnnotation})">
            <summary>
            Overrides the supplied auto-mapping configuration.
            </summary>
            <param name="mapping">The auto-mapping configuration to
            override.</param>
        </member>
        <member name="T:TrueAutomation.DocumentManagement.DAL.NHibernate.Mappings.Domain_Objects.Annotations.TextAnnotationMap">
            <summary>
            Implements a custom auto-mapping override for the
            <see cref="T:TrueAutomation.DocumentManagement.Domain.Annotations.TextAnnotation"/>
            class.
            </summary>
        </member>
        <member name="M:TrueAutomation.DocumentManagement.DAL.NHibernate.Mappings.Domain_Objects.Annotations.TextAnnotationMap.Override(FluentNHibernate.Automapping.AutoMapping{TrueAutomation.DocumentManagement.Domain.Annotations.TextAnnotation})">
            <summary>
            Overrides the supplied auto-mapping configuration.
            </summary>
            <param name="mapping">The auto-mapping configuration to
            override.</param>
        </member>
        <member name="T:TrueAutomation.DocumentManagement.DAL.NHibernate.Mappings.ApplicationPermissionMap">
            <summary>
            Implements a custom auto-mapping override for the
            <see cref="T:TrueAutomation.AccessControl.Domain.ApplicationPermission"/>
            class.
            </summary>a
        </member>
        <member name="M:TrueAutomation.DocumentManagement.DAL.NHibernate.Mappings.ApplicationPermissionMap.Override(FluentNHibernate.Automapping.AutoMapping{TrueAutomation.AccessControl.Domain.ApplicationPermission})">
            <summary>
            Overrides the supplied auto-mapping configuration.
            </summary>
            <param name="mapping">The auto-mapping configuration to
            override.</param>
        </member>
        <member name="T:TrueAutomation.DocumentManagement.DAL.NHibernate.Mappings.DocumentFileChunkMap">
            <summary>
            Implements a custom auto-mapping override for the
            <see cref="T:TrueAutomation.DocumentManagement.Domain.DocumentFileChunk"/>
            class.
            </summary>
        </member>
        <member name="M:TrueAutomation.DocumentManagement.DAL.NHibernate.Mappings.DocumentFileChunkMap.Override(FluentNHibernate.Automapping.AutoMapping{TrueAutomation.DocumentManagement.Domain.DocumentFileChunk})">
            <summary>
            Overrides the supplied auto-mapping configuration.
            </summary>
            <param name="mapping">The auto-mapping configuration to
            override.</param>
        </member>
        <member name="T:TrueAutomation.DocumentManagement.DAL.NHibernate.Mappings.DocumentFileMap">
            <summary>
            Implements a custom auto-mapping override for the
            <see cref="T:TrueAutomation.DocumentManagement.Domain.DocumentFile"/>
            class.
            </summary>
        </member>
        <member name="M:TrueAutomation.DocumentManagement.DAL.NHibernate.Mappings.DocumentFileMap.Override(FluentNHibernate.Automapping.AutoMapping{TrueAutomation.DocumentManagement.Domain.DocumentFile})">
            <summary>
            Overrides the supplied auto-mapping configuration.
            </summary>
            <param name="mapping">The auto-mapping configuration to
            override.</param>
        </member>
        <member name="T:TrueAutomation.DocumentManagement.DAL.NHibernate.Mappings.DocumentMap">
            <summary>
            Implements a custom auto-mapping override for the
            <see cref="T:TrueAutomation.DocumentManagement.Domain.Document"/>
            class.
            </summary>
        </member>
        <member name="M:TrueAutomation.DocumentManagement.DAL.NHibernate.Mappings.DocumentMap.Override(FluentNHibernate.Automapping.AutoMapping{TrueAutomation.DocumentManagement.Domain.Document})">
            <summary>
            Overrides the supplied auto-mapping configuration.
            </summary>
            <param name="mapping">The auto-mapping configuration to
            override.</param>
        </member>
        <member name="T:TrueAutomation.DocumentManagement.DAL.NHibernate.Mappings.DocumentThumbnailMap">
            <summary>
            Implements a custom auto-mapping override for the
            <see cref="T:TrueAutomation.DocumentManagement.Domain.DocumentThumbnail"/>
            class.
            </summary>
        </member>
        <member name="M:TrueAutomation.DocumentManagement.DAL.NHibernate.Mappings.DocumentThumbnailMap.Override(FluentNHibernate.Automapping.AutoMapping{TrueAutomation.DocumentManagement.Domain.DocumentThumbnail})">
            <summary>
            Overrides the supplied auto-mapping configuration.
            </summary>
            <param name="mapping">The auto-mapping configuration to
            override.</param>
        </member>
        <member name="T:TrueAutomation.DocumentManagement.DAL.NHibernate.Mappings.DocumentVersionMap">
            <summary>
            Implements a custom auto-mapping override for the
            <see cref="T:TrueAutomation.DocumentManagement.Domain.DocumentVersion"/>
            class.
            </summary>
        </member>
        <member name="M:TrueAutomation.DocumentManagement.DAL.NHibernate.Mappings.DocumentVersionMap.Override(FluentNHibernate.Automapping.AutoMapping{TrueAutomation.DocumentManagement.Domain.DocumentVersion})">
            <summary>
            Overrides the supplied auto-mapping configuration.
            </summary>
            <param name="mapping">The auto-mapping configuration to
            override.</param>
        </member>
        <member name="T:TrueAutomation.DocumentManagement.DAL.NHibernate.Mappings.MetadataMap">
            <summary>
            Implements a custom auto-mapping override for the
            <see cref="T:TrueAutomation.DocumentManagement.Domain.DocumentMetadata"/>
            class.
            </summary>
        </member>
        <member name="M:TrueAutomation.DocumentManagement.DAL.NHibernate.Mappings.MetadataMap.Override(FluentNHibernate.Automapping.AutoMapping{TrueAutomation.DocumentManagement.Domain.DocumentMetadata})">
            <summary>
            Overrides the supplied auto-mapping configuration.
            </summary>
            <param name="mapping">The auto-mapping configuration to
            override.</param>
        </member>
        <member name="T:TrueAutomation.DocumentManagement.DAL.NHibernate.Mappings.PermissionMap">
            <summary>
            Implements a custom auto-mapping override for the
            <see cref="T:TrueAutomation.AccessControl.Domain.Permission"/>
            class.
            </summary>
        </member>
        <member name="M:TrueAutomation.DocumentManagement.DAL.NHibernate.Mappings.PermissionMap.Override(FluentNHibernate.Automapping.AutoMapping{TrueAutomation.AccessControl.Domain.Permission})">
            <summary>
            Overrides the supplied auto-mapping configuration.
            </summary>
            <param name="mapping">The auto-mapping configuration to
            override.</param>
        </member>
        <member name="T:TrueAutomation.DocumentManagement.DAL.NHibernate.Mappings.SecurityDescriptorEntryMap">
            <summary>
            Implements a custom auto-mapping override for the
            <see cref="T:TrueAutomation.AccessControl.Domain.SecurityDescriptorEntry"/>
            class.
            </summary>a
        </member>
        <member name="M:TrueAutomation.DocumentManagement.DAL.NHibernate.Mappings.SecurityDescriptorEntryMap.Override(FluentNHibernate.Automapping.AutoMapping{TrueAutomation.AccessControl.Domain.SecurityDescriptorEntry})">
            <summary>
            Overrides the supplied auto-mapping configuration.
            </summary>
            <param name="mapping">The auto-mapping configuration to
            override.</param>
        </member>
        <member name="T:TrueAutomation.DocumentManagement.DAL.NHibernate.Mappings.SecurityDescriptorMap">
            <summary>
            Implements a custom auto-mapping override for the
            <see cref="T:TrueAutomation.AccessControl.Domain.SecurityDescriptor"/>
            class.
            </summary>
        </member>
        <member name="M:TrueAutomation.DocumentManagement.DAL.NHibernate.Mappings.SecurityDescriptorMap.Override(FluentNHibernate.Automapping.AutoMapping{TrueAutomation.AccessControl.Domain.SecurityDescriptor})">
            <summary>
            Overrides the supplied auto-mapping configuration.
            </summary>
            <param name="mapping">The auto-mapping configuration to
            override.</param>
        </member>
        <member name="T:TrueAutomation.DocumentManagement.DAL.NHibernate.Mappings.MappingConfiguration">
            <summary>
            Defines an NHibernate object mapping configuration for
            task service-related objects.
            </summary>
        </member>
        <member name="M:TrueAutomation.DocumentManagement.DAL.NHibernate.Mappings.MappingConfiguration.ShouldMap(System.Type)">
            <summary>
            Returns whether or not the specified type should be automatically
            mapped to the underlying database by Fluent NHibernate. We map any
            entity objects, i.e. objects derived from
            <see cref="T:TrueAutomation.Core.Domain.IEntityWithId`1"/> and
            ignore any pure value objects.
            </summary>
            <param name="type">The type to be evaluated for auto-mapping.</param>
            <returns>True if the specified type should be auto-mapped,
            otherwise false if it shouldn't.</returns>
        </member>
        <member name="M:TrueAutomation.DocumentManagement.DAL.NHibernate.Mappings.MappingConfiguration.ShouldMap(FluentNHibernate.Member)">
            <summary>
            Returns whether or not the specified member should be
            auto-mapped to the underlying database. We currently require
            any auto-mapped members to be writable, i.e. they should
            have a public setter implementation.
            </summary>
            <param name="member">The type/class member to evaluate.</param>
            <returns>True if the member should be automatically mapped
            to the underlying database, otherwise false.</returns>
        </member>
        <member name="M:TrueAutomation.DocumentManagement.DAL.NHibernate.Mappings.MappingConfiguration.AbstractClassIsLayerSupertype(System.Type)">
            <summary>
            Returns whether a specified abstract type is a type of
            interest from an auto-mapping standpoint. We care about any
            entity types, i.e. anything derived from either the
            <see cref="T:TrueAutomation.Core.Domain.IEntityWithId`1"/> or
            <see cref="T:TrueAutomation.Core.Domain.Entity"/> types.
            </summary>
            <param name="type">The abstract type to be considered.</param>
            <returns>True if the specified type is an entity type of
            interest, otherwise false.</returns>
        </member>
        <member name="M:TrueAutomation.DocumentManagement.DAL.NHibernate.Mappings.MappingConfiguration.IsId(FluentNHibernate.Member)">
            <summary>
            Returns whether or not the specified type member is a primary
            key value, i.e. an identifier value. We consider any property
            named "Id" to be an identifier value.
            </summary>
            <param name="member">The type member to be evaluated.</param>
            <returns>True if the specified type member is an id value,
            otherwise false.</returns>
        </member>
        <member name="M:TrueAutomation.DocumentManagement.DAL.NHibernate.Mappings.MappingConfiguration.IsComponent(System.Type)">
            <summary>
            Flag to determine if the object is a component.
            </summary>
            <param name="type"></param>
            <returns></returns>
        </member>
        <member name="T:TrueAutomation.DocumentManagement.DAL.NHibernate.ACLEntryRepository">
            <summary>
            Repository class for ACL Entries
            </summary>
        </member>
        <member name="T:TrueAutomation.DocumentManagement.DAL.NHibernate.ACLRepository">
            <summary>
            Repository class for ACLs
            </summary>
        </member>
        <member name="T:TrueAutomation.DocumentManagement.DAL.NHibernate.DocumentFileChunkRepository">
            <summary>
            Repository class for Document Management
            </summary>
        </member>
        <member name="T:TrueAutomation.DocumentManagement.DAL.NHibernate.DocumentFileRepository">
            <summary>
            Repository class for Document Management
            </summary>
        </member>
        <member name="T:TrueAutomation.DocumentManagement.DAL.NHibernate.DocumentRepository">
            <summary>
            Repository class for Document Management
            </summary>
        </member>
        <member name="T:TrueAutomation.DocumentManagement.DAL.NHibernate.DocumentThumbnailRepository">
            <summary>
            Repository class for Document Thumbnail
            </summary>
        </member>
        <member name="T:TrueAutomation.DocumentManagement.DAL.NHibernate.Repositories.DocumentVersionRepository">
            <summary>
            Repository class for Document version
            </summary>
        </member>
        <member name="T:TrueAutomation.DocumentManagement.DAL.NHibernate.PermissionRepository">
            <summary>
            Repository class for Permissions
            </summary>
        </member>
        <member name="T:TrueAutomation.DocumentManagement.DAL.NHibernate.SecurityDescriptorEntryRepository">
            <summary>
            Repository class for Security Descriptor Entries
            </summary>
        </member>
        <member name="T:TrueAutomation.DocumentManagement.DAL.NHibernate.SecurityDescriptorRepository">
            <summary>
            Repository class for a security descriptor.
            </summary>
        </member>
    </members>
</doc>
