<?xml version="1.0"?>
<doc>
    <assembly>
        <name>TrueAutomation.Services.Host.Service</name>
    </assembly>
    <members>
        <member name="M:TrueAutomation.Services.Host.Service.Program.#ctor">
            <summary>
            Class constructor -- initializes an instance of the class.
            </summary>
        </member>
        <member name="M:TrueAutomation.Services.Host.Service.Program.Main(System.String[])">
            <summary>
            The main entry point for the application.
            </summary>
            <param name="args">An array of command-line arguments
            passed into the application.</param>
        </member>
        <member name="M:TrueAutomation.Services.Host.Service.Program.OnStart(System.String[])">
            <summary>
            Start method for the  windows service.
            </summary>
            <param name="args">An array of  arguments
            passed into the windows service</param>
        </member>
        <member name="M:TrueAutomation.Services.Host.Service.Program.OnStop">
            <summary>
            Stop method for the  windows service.
            </summary>
        </member>
        <member name="M:TrueAutomation.Services.Host.Service.Program.WriteToAnEventLog(System.String)">
             <summary>
            Log a message to an Event viewer
             </summary>
        </member>
        <member name="T:TrueAutomation.Services.Host.Service.TrueAutomationServicesHostInstaller">
            <summary>
            installer class for  windows service
            </summary>
        </member>
        <member name="M:TrueAutomation.Services.Host.Service.TrueAutomationServicesHostInstaller.#ctor">
            <summary>
            Default constructor
            </summary>
        </member>
        <member name="M:TrueAutomation.Services.Host.Service.TrueAutomationServicesHostInstaller.OnBeforeInstall(System.Collections.IDictionary)">
            <summary>
            Override the 'OnBeforeInstall' method.  
            </summary>
            <param name="savedState"></param>
        </member>
    </members>
</doc>
